# K6EEG beacon: Active wildfires of 100+ acres within 200 miles (fires), from the beacon's half-hourly reports
time_utc,value
2026-10-09T04:00Z,3.0
2026-10-09T04:30Z,1.0
2026-10-09T05:00Z,1.0
2026-10-09T05:30Z,1.0
2026-10-09T06:00Z,1.0
2026-10-09T06:30Z,1.0
2026-10-09T07:00Z,1.0
2026-10-09T07:30Z,1.0
2026-10-09T08:00Z,1.0
2026-10-09T08:30Z,1.0
2026-10-09T09:00Z,1.0
2026-10-09T09:30Z,1.0
2026-10-09T10:00Z,1.0
2026-10-09T10:30Z,1.0
2026-10-09T11:00Z,1.0
2026-10-09T11:30Z,1.0
2026-10-09T12:00Z,1.0
2026-10-09T12:30Z,1.0
2026-10-09T13:00Z,1.0
2026-10-09T13:30Z,1.0
2026-10-09T14:00Z,1.0
2026-10-09T14:30Z,1.0
2026-10-09T15:00Z,1.0
2026-10-09T15:30Z,1.0
2026-10-09T16:00Z,1.0
2026-10-09T16:30Z,1.0
2026-10-09T17:00Z,1.0
2026-10-09T17:30Z,1.0
2026-10-09T18:00Z,1.0
2026-10-09T18:30Z,1.0
2026-10-09T19:00Z,1.0
2026-10-09T19:30Z,1.0
2026-10-09T20:00Z,1.0
2026-10-09T20:30Z,1.0
2026-10-09T21:00Z,1.0
2026-10-09T21:30Z,1.0
2026-10-09T22:00Z,1.0
2026-10-09T22:30Z,1.0
2026-10-09T23:00Z,1.0
2026-10-09T23:30Z,1.0
2026-10-10T00:00Z,1.0
2026-10-10T00:30Z,1.0
2026-10-10T01:00Z,1.0
2026-10-10T01:30Z,1.0
2026-10-10T02:00Z,1.0
2026-10-10T02:30Z,1.0
2026-10-10T03:00Z,1.0
2026-10-10T03:30Z,1.0
2026-10-10T04:00Z,1.0
2026-10-10T04:30Z,1.0
2026-10-10T05:00Z,1.0
2026-10-10T05:30Z,1.0
2026-10-10T06:00Z,1.0
2026-10-10T06:30Z,1.0
2026-10-10T07:00Z,1.0
2026-10-10T07:30Z,1.0
2026-10-10T08:00Z,1.0
2026-10-10T08:30Z,1.0
2026-10-10T09:00Z,1.0
2026-10-10T09:30Z,1.0
2026-10-10T10:00Z,1.0
2026-10-10T10:30Z,1.0
2026-10-10T11:00Z,1.0
2026-10-10T11:30Z,1.0
2026-10-10T12:00Z,1.0
2026-10-10T12:30Z,1.0
2026-10-10T13:00Z,1.0
2026-10-10T13:30Z,1.0
2026-10-10T14:00Z,1.0
2026-10-10T14:30Z,1.0
2026-10-10T15:00Z,1.0
2026-10-10T15:30Z,1.0
2026-10-10T16:00Z,1.0
2026-10-10T16:30Z,1.0
2026-10-10T17:00Z,1.0
2026-10-10T17:30Z,1.0
2026-10-10T18:00Z,1.0
2026-10-10T18:30Z,1.0
2026-10-10T19:00Z,1.0
2026-10-10T19:30Z,1.0
2026-10-10T20:00Z,1.0
2026-10-10T20:30Z,1.0
2026-10-10T21:00Z,1.0
2026-10-10T21:30Z,1.0
2026-10-10T22:00Z,1.0
2026-10-10T22:30Z,1.0
2026-10-10T23:00Z,1.0
2026-10-10T23:30Z,1.0
2026-10-11T00:00Z,1.0
2026-10-11T00:30Z,1.0
