# K6EEG beacon: Relative humidity at SFO (%), from the beacon's half-hourly reports
time_utc,value
2026-10-01T02:44Z,82.0
2026-10-01T02:45Z,82.0
2026-10-01T02:47Z,82.0
2026-10-01T03:20Z,88.0
2026-10-01T03:22Z,88.0
2026-10-01T03:34Z,88.0
2026-10-01T03:37Z,94.0
2026-10-01T03:50Z,94.0
2026-10-01T04:01Z,94.0
2026-10-01T04:03Z,94.0
2026-10-01T04:15Z,94.0
2026-10-01T04:26Z,88.0
2026-10-01T04:33Z,88.0
2026-10-01T04:46Z,88.0
2026-10-01T04:58Z,88.0
2026-10-01T05:10Z,88.0
2026-10-01T05:22Z,88.0
2026-10-01T05:32Z,88.0
2026-10-01T05:45Z,88.0
2026-10-01T05:58Z,88.0
2026-10-01T06:00Z,88.0
2026-10-01T06:15Z,88.0
2026-10-01T06:30Z,94.0
2026-10-01T06:45Z,94.0
2026-10-01T07:00Z,94.0
2026-10-01T07:15Z,94.0
2026-10-01T07:30Z,94.0
2026-10-01T07:45Z,94.0
2026-10-01T08:00Z,94.0
2026-10-01T08:15Z,94.0
2026-10-01T08:30Z,94.0
2026-10-01T08:45Z,94.0
2026-10-01T09:00Z,94.0
2026-10-01T09:15Z,94.0
2026-10-01T09:30Z,94.0
2026-10-01T09:45Z,94.0
2026-10-01T10:00Z,94.0
2026-10-01T10:15Z,94.0
2026-10-01T10:30Z,94.0
2026-10-01T10:45Z,94.0
2026-10-01T11:00Z,100.0
2026-10-01T11:15Z,100.0
2026-10-01T11:30Z,94.0
2026-10-01T11:45Z,100.0
2026-10-01T12:00Z,94.0
2026-10-01T12:15Z,100.0
2026-10-01T12:30Z,100.0
2026-10-01T12:45Z,100.0
2026-10-01T13:00Z,100.0
2026-10-01T13:15Z,100.0
2026-10-01T13:30Z,100.0
2026-10-01T13:45Z,100.0
2026-10-01T14:00Z,94.0
2026-10-01T14:15Z,94.0
2026-10-01T14:30Z,94.0
2026-10-01T14:45Z,100.0
2026-10-01T15:00Z,100.0
2026-10-01T15:15Z,94.0
2026-10-01T15:30Z,94.0
2026-10-01T15:45Z,94.0
2026-10-01T16:00Z,94.0
2026-10-01T16:15Z,88.0
2026-10-01T16:30Z,94.0
2026-10-01T16:45Z,88.0
2026-10-01T17:00Z,88.0
2026-10-01T17:15Z,88.0
2026-10-01T17:30Z,82.0
2026-10-01T18:00Z,88.0
2026-10-01T18:15Z,82.0
2026-10-01T18:30Z,83.0
2026-10-01T19:00Z,77.0
2026-10-01T19:15Z,77.0
2026-10-01T19:30Z,77.0
2026-10-01T19:47Z,68.0
2026-10-01T20:45Z,57.0
2026-10-01T21:00Z,64.0
2026-10-01T21:15Z,57.0
2026-10-01T21:30Z,53.0
2026-10-01T21:45Z,57.0
2026-10-01T22:00Z,57.0
2026-10-01T22:15Z,57.0
2026-10-01T22:30Z,57.0
2026-10-01T22:45Z,57.0
2026-10-01T23:00Z,60.0
2026-10-01T23:15Z,64.0
2026-10-01T23:30Z,64.0
2026-10-01T23:45Z,68.0
2026-10-02T00:00Z,68.0
2026-10-02T00:15Z,68.0
2026-10-02T00:30Z,73.0
2026-10-02T00:45Z,73.0
2026-10-02T01:00Z,73.0
2026-10-02T01:15Z,77.0
2026-10-02T01:30Z,82.0
2026-10-02T01:45Z,82.0
2026-10-02T02:00Z,82.0
2026-10-02T02:15Z,82.0
2026-10-02T02:45Z,82.0
2026-10-02T03:00Z,82.0
2026-10-02T03:15Z,88.0
2026-10-02T03:30Z,88.0
2026-10-02T03:45Z,88.0
2026-10-02T04:00Z,88.0
2026-10-02T04:30Z,88.0
2026-10-02T04:45Z,94.0
2026-10-02T05:30Z,94.0
2026-10-02T05:45Z,94.0
2026-10-02T05:51Z,94.0
2026-10-02T06:16Z,94.0
2026-10-02T06:36Z,94.0
2026-10-02T18:15Z,88.0
2026-10-02T18:30Z,83.0
2026-10-02T18:45Z,83.0
2026-10-02T19:00Z,83.0
2026-10-02T19:15Z,88.0
2026-10-02T19:32Z,83.0
2026-10-02T19:45Z,83.0
2026-10-02T20:00Z,88.0
2026-10-02T20:15Z,88.0
2026-10-02T20:31Z,83.0
2026-10-02T20:45Z,83.0
2026-10-02T21:00Z,83.0
2026-10-02T21:15Z,83.0
2026-10-02T22:00Z,65.0
2026-10-02T22:15Z,57.0
2026-10-03T01:30Z,60.0
2026-10-03T01:35Z,64.0
2026-10-03T01:48Z,64.0
2026-10-03T02:01Z,68.0
2026-10-03T02:06Z,68.0
2026-10-03T02:17Z,68.0
2026-10-03T02:30Z,68.0
2026-10-03T02:42Z,68.0
2026-10-03T02:54Z,68.0
2026-10-03T03:06Z,68.0
2026-10-03T03:18Z,68.0
2026-10-03T03:30Z,68.0
2026-10-03T03:42Z,68.0
2026-10-03T03:54Z,68.0
2026-10-03T04:12Z,73.0
2026-10-03T04:45Z,73.0
2026-10-03T06:00Z,73.0
2026-10-03T06:15Z,73.0
2026-10-03T06:30Z,73.0
2026-10-03T06:45Z,73.0
2026-10-03T07:00Z,73.0
2026-10-03T07:15Z,73.0
2026-10-03T07:30Z,73.0
2026-10-03T07:45Z,73.0
2026-10-03T08:00Z,73.0
2026-10-03T08:15Z,73.0
2026-10-03T08:30Z,72.0
2026-10-03T08:45Z,72.0
2026-10-03T09:00Z,77.0
2026-10-03T10:45Z,77.0
2026-10-03T11:00Z,77.0
2026-10-03T11:15Z,77.0
2026-10-03T11:30Z,77.0
2026-10-03T11:45Z,77.0
2026-10-03T12:00Z,82.0
2026-10-03T12:15Z,82.0
2026-10-03T12:30Z,82.0
2026-10-03T12:45Z,82.0
2026-10-03T13:00Z,82.0
2026-10-03T13:15Z,82.0
2026-10-03T13:30Z,82.0
2026-10-03T13:45Z,82.0
2026-10-03T14:00Z,82.0
2026-10-03T14:15Z,82.0
2026-10-03T14:30Z,77.0
2026-10-03T14:45Z,83.0
2026-10-03T15:00Z,83.0
2026-10-03T15:15Z,83.0
2026-10-03T15:30Z,83.0
2026-10-03T15:45Z,77.0
2026-10-03T16:00Z,77.0
2026-10-03T16:15Z,83.0
2026-10-03T16:30Z,83.0
2026-10-03T16:45Z,83.0
2026-10-03T17:00Z,78.0
2026-10-03T17:15Z,78.0
2026-10-03T17:30Z,78.0
2026-10-03T17:45Z,78.0
2026-10-03T18:00Z,78.0
2026-10-03T18:15Z,78.0
2026-10-03T18:30Z,78.0
2026-10-03T18:45Z,78.0
2026-10-03T19:00Z,78.0
2026-10-03T19:15Z,73.0
2026-10-03T19:30Z,73.0
2026-10-03T20:00Z,73.0
2026-10-04T00:30Z,31.0
2026-10-04T01:30Z,35.0
2026-10-04T02:00Z,39.0
2026-10-04T02:30Z,41.0
2026-10-04T03:00Z,42.0
2026-10-04T03:30Z,42.0
2026-10-04T04:00Z,42.0
2026-10-04T04:30Z,42.0
2026-10-04T05:00Z,54.0
2026-10-04T05:30Z,61.0
2026-10-04T06:00Z,50.0
2026-10-04T06:30Z,53.0
2026-10-04T07:00Z,60.0
2026-10-04T07:30Z,57.0
2026-10-04T08:00Z,60.0
2026-10-04T08:30Z,60.0
2026-10-04T09:00Z,68.0
2026-10-04T09:30Z,68.0
2026-10-04T10:00Z,68.0
2026-10-04T10:30Z,73.0
2026-10-04T11:00Z,73.0
2026-10-04T11:30Z,73.0
2026-10-04T12:00Z,73.0
2026-10-04T12:30Z,73.0
2026-10-04T13:00Z,77.0
2026-10-04T13:30Z,68.0
2026-10-04T14:00Z,68.0
2026-10-04T14:30Z,68.0
2026-10-04T15:00Z,73.0
2026-10-04T15:30Z,83.0
2026-10-04T16:00Z,73.0
2026-10-04T16:30Z,64.0
2026-10-04T17:00Z,60.0
2026-10-04T17:30Z,69.0
2026-10-04T18:00Z,69.0
2026-10-04T18:30Z,73.0
2026-10-04T19:00Z,65.0
2026-10-04T19:30Z,69.0
2026-10-04T20:00Z,65.0
2026-10-04T20:30Z,65.0
2026-10-04T21:00Z,40.0
2026-10-04T21:30Z,48.0
2026-10-05T00:00Z,37.0
2026-10-05T03:00Z,50.0
2026-10-05T03:30Z,47.0
2026-10-05T04:00Z,47.0
2026-10-05T04:30Z,50.0
2026-10-05T05:00Z,68.0
2026-10-05T05:30Z,68.0
2026-10-05T06:00Z,68.0
2026-10-05T06:30Z,73.0
2026-10-05T07:00Z,77.0
2026-10-05T07:30Z,77.0
2026-10-05T08:00Z,77.0
2026-10-05T08:30Z,77.0
2026-10-05T09:00Z,83.0
2026-10-05T09:30Z,83.0
2026-10-05T10:00Z,83.0
2026-10-05T10:30Z,83.0
2026-10-05T11:00Z,83.0
2026-10-05T11:30Z,83.0
2026-10-05T12:00Z,88.0
2026-10-05T12:30Z,83.0
2026-10-05T13:00Z,83.0
2026-10-05T13:30Z,82.0
2026-10-05T14:00Z,82.0
2026-10-05T14:30Z,88.0
2026-10-05T15:00Z,88.0
2026-10-05T15:30Z,88.0
2026-10-05T16:00Z,77.0
2026-10-05T16:30Z,76.0
2026-10-05T17:00Z,73.0
2026-10-05T17:30Z,64.0
2026-10-05T18:00Z,60.0
2026-10-05T18:30Z,57.0
2026-10-05T19:00Z,57.0
2026-10-05T19:30Z,69.0
2026-10-05T20:00Z,69.0
2026-10-05T20:30Z,57.0
2026-10-05T21:00Z,57.0
2026-10-05T21:30Z,57.0
2026-10-05T22:00Z,57.0
2026-10-05T22:30Z,57.0
2026-10-05T23:00Z,53.0
2026-10-05T23:30Z,57.0
2026-10-06T00:00Z,57.0
2026-10-06T00:30Z,60.0
2026-10-06T01:00Z,68.0
2026-10-06T01:30Z,68.0
2026-10-06T02:00Z,68.0
2026-10-06T02:30Z,73.0
2026-10-06T03:00Z,77.0
2026-10-06T03:30Z,77.0
2026-10-06T04:00Z,82.0
2026-10-06T04:30Z,82.0
2026-10-06T05:00Z,82.0
2026-10-06T05:30Z,82.0
2026-10-06T06:00Z,82.0
2026-10-06T06:30Z,82.0
2026-10-06T07:00Z,88.0
2026-10-06T07:30Z,82.0
2026-10-06T08:00Z,88.0
2026-10-06T08:30Z,88.0
2026-10-06T09:00Z,88.0
2026-10-06T09:30Z,88.0
2026-10-06T10:00Z,94.0
2026-10-06T10:30Z,94.0
2026-10-06T11:00Z,94.0
2026-10-06T11:30Z,94.0
2026-10-06T12:00Z,94.0
2026-10-06T12:30Z,94.0
2026-10-06T13:00Z,94.0
2026-10-06T13:30Z,94.0
2026-10-06T14:00Z,94.0
2026-10-06T14:30Z,94.0
2026-10-06T15:00Z,94.0
2026-10-06T15:30Z,94.0
2026-10-06T16:00Z,88.0
2026-10-06T16:30Z,83.0
2026-10-06T17:00Z,77.0
2026-10-06T17:30Z,73.0
2026-10-06T18:00Z,78.0
2026-10-06T18:30Z,78.0
2026-10-06T19:00Z,73.0
2026-10-06T19:30Z,69.0
2026-10-06T20:00Z,73.0
2026-10-06T20:30Z,61.0
2026-10-06T21:00Z,50.0
2026-10-06T21:30Z,50.0
2026-10-06T22:00Z,47.0
2026-10-06T22:30Z,50.0
2026-10-06T23:00Z,47.0
2026-10-06T23:30Z,42.0
2026-10-07T00:00Z,47.0
2026-10-07T00:30Z,47.0
2026-10-07T01:00Z,60.0
2026-10-07T01:30Z,64.0
2026-10-07T02:00Z,73.0
2026-10-07T02:30Z,73.0
2026-10-07T03:00Z,77.0
2026-10-07T03:30Z,73.0
2026-10-07T04:00Z,77.0
2026-10-07T04:30Z,72.0
2026-10-07T05:00Z,82.0
2026-10-07T05:30Z,82.0
2026-10-07T06:00Z,82.0
2026-10-07T06:30Z,88.0
2026-10-07T07:00Z,88.0
2026-10-07T07:30Z,88.0
2026-10-07T08:00Z,82.0
2026-10-07T08:30Z,88.0
2026-10-07T09:00Z,94.0
2026-10-07T09:30Z,94.0
2026-10-07T10:00Z,94.0
2026-10-07T10:30Z,94.0
2026-10-07T11:00Z,94.0
2026-10-07T11:30Z,88.0
2026-10-07T12:00Z,94.0
2026-10-07T12:30Z,94.0
2026-10-07T13:00Z,94.0
2026-10-07T13:30Z,94.0
2026-10-07T14:00Z,94.0
2026-10-07T14:30Z,94.0
2026-10-07T15:00Z,94.0
2026-10-07T15:30Z,94.0
2026-10-07T16:00Z,94.0
2026-10-07T16:30Z,94.0
2026-10-07T17:00Z,94.0
2026-10-07T17:30Z,94.0
2026-10-07T18:00Z,94.0
2026-10-07T18:30Z,73.0
2026-10-07T19:00Z,64.0
2026-10-07T19:30Z,60.0
2026-10-07T20:00Z,57.0
2026-10-07T20:30Z,61.0
2026-10-07T21:00Z,50.0
2026-10-07T21:30Z,53.0
2026-10-07T22:00Z,53.0
2026-10-07T22:30Z,53.0
2026-10-07T23:30Z,57.0
2026-10-08T00:00Z,64.0
2026-10-08T00:30Z,73.0
2026-10-08T01:00Z,73.0
2026-10-08T01:30Z,77.0
2026-10-08T02:00Z,82.0
2026-10-08T02:30Z,82.0
2026-10-08T03:00Z,82.0
2026-10-08T03:30Z,88.0
2026-10-08T04:00Z,88.0
2026-10-08T04:30Z,94.0
2026-10-08T05:00Z,94.0
2026-10-08T05:30Z,94.0
2026-10-08T06:00Z,94.0
2026-10-08T06:30Z,94.0
2026-10-08T07:00Z,94.0
2026-10-08T07:30Z,94.0
2026-10-08T08:00Z,94.0
2026-10-08T09:00Z,100.0
2026-10-08T09:30Z,100.0
2026-10-08T10:00Z,100.0
2026-10-08T10:30Z,100.0
2026-10-08T11:00Z,100.0
2026-10-08T11:30Z,94.0
2026-10-08T12:00Z,100.0
2026-10-08T12:30Z,100.0
2026-10-08T13:00Z,100.0
2026-10-08T13:30Z,100.0
2026-10-08T14:00Z,94.0
2026-10-08T14:30Z,96.0
2026-10-08T15:00Z,94.0
2026-10-08T15:30Z,94.0
2026-10-08T16:00Z,94.0
2026-10-08T16:30Z,82.0
2026-10-08T17:00Z,77.0
2026-10-08T17:30Z,77.0
2026-10-08T18:00Z,77.0
2026-10-08T18:30Z,73.0
2026-10-08T19:00Z,73.0
2026-10-08T19:30Z,64.0
2026-10-08T20:00Z,69.0
2026-10-08T20:30Z,59.0
2026-10-08T21:00Z,53.0
2026-10-08T21:30Z,57.0
2026-10-08T22:00Z,53.0
2026-10-08T22:30Z,57.0
2026-10-08T23:00Z,57.0
2026-10-08T23:30Z,57.0
2026-10-09T00:00Z,68.0
2026-10-09T00:30Z,68.0
2026-10-09T01:00Z,73.0
2026-10-09T01:30Z,77.0
2026-10-09T02:00Z,82.0
2026-10-09T02:30Z,77.0
2026-10-09T03:00Z,72.0
2026-10-09T03:30Z,82.0
2026-10-09T04:00Z,82.0
2026-10-09T04:30Z,82.0
2026-10-09T05:00Z,82.0
2026-10-09T05:30Z,88.0
2026-10-09T06:00Z,88.0
2026-10-09T06:30Z,88.0
2026-10-09T07:00Z,88.0
2026-10-09T07:30Z,94.0
2026-10-09T08:00Z,94.0
2026-10-09T08:30Z,94.0
2026-10-09T09:00Z,94.0
2026-10-09T09:30Z,94.0
2026-10-09T10:00Z,94.0
2026-10-09T10:30Z,94.0
2026-10-09T11:00Z,94.0
2026-10-09T11:30Z,94.0
2026-10-09T12:00Z,88.0
2026-10-09T12:30Z,94.0
2026-10-09T13:00Z,94.0
2026-10-09T13:30Z,88.0
2026-10-09T14:00Z,88.0
2026-10-09T14:30Z,88.0
2026-10-09T15:00Z,88.0
2026-10-09T15:30Z,88.0
2026-10-09T16:00Z,82.0
2026-10-09T16:30Z,82.0
2026-10-09T17:00Z,72.0
2026-10-09T18:00Z,73.0
2026-10-09T18:30Z,68.0
2026-10-09T19:00Z,73.0
2026-10-09T19:30Z,68.0
2026-10-09T20:00Z,60.0
2026-10-09T20:30Z,60.0
2026-10-09T21:00Z,60.0
2026-10-09T21:30Z,60.0
2026-10-09T22:00Z,64.0
2026-10-09T22:30Z,64.0
2026-10-09T23:00Z,64.0
2026-10-09T23:30Z,68.0
2026-10-10T00:00Z,68.0
2026-10-10T00:30Z,73.0
2026-10-10T01:00Z,73.0
2026-10-10T01:30Z,73.0
2026-10-10T02:00Z,72.0
2026-10-10T02:30Z,72.0
2026-10-10T03:00Z,72.0
2026-10-10T03:30Z,77.0
2026-10-10T04:00Z,77.0
2026-10-10T04:30Z,77.0
2026-10-10T05:00Z,77.0
2026-10-10T05:30Z,77.0
2026-10-10T06:00Z,82.0
2026-10-10T06:30Z,82.0
2026-10-10T07:00Z,82.0
2026-10-10T07:30Z,77.0
2026-10-10T08:00Z,77.0
2026-10-10T08:30Z,80.0
2026-10-10T09:00Z,77.0
2026-10-10T09:30Z,82.0
2026-10-10T10:00Z,88.0
2026-10-10T10:30Z,88.0
2026-10-10T11:00Z,88.0
2026-10-10T11:30Z,88.0
2026-10-10T12:00Z,82.0
2026-10-10T12:30Z,82.0
2026-10-10T13:00Z,88.0
2026-10-10T13:30Z,82.0
2026-10-10T14:00Z,82.0
2026-10-10T14:30Z,82.0
2026-10-10T15:00Z,82.0
2026-10-10T15:30Z,82.0
2026-10-10T16:00Z,77.0
2026-10-10T16:30Z,77.0
2026-10-10T17:00Z,68.0
2026-10-10T17:30Z,68.0
2026-10-10T18:00Z,68.0
2026-10-10T18:30Z,63.0
2026-10-10T19:00Z,59.0
2026-10-10T19:30Z,59.0
2026-10-10T20:00Z,63.0
2026-10-10T20:30Z,56.0
2026-10-10T21:00Z,56.0
2026-10-10T21:30Z,56.0
2026-10-10T22:00Z,56.0
2026-10-10T22:30Z,52.0
2026-10-10T23:00Z,55.0
2026-10-10T23:30Z,59.0
2026-10-11T00:00Z,55.0
2026-10-11T00:30Z,59.0
