# K6EEG beacon: Tropo chance, Bay Area coast, 70 cm (%), from the beacon's half-hourly reports
time_utc,value
2026-10-04T00:30Z,90.0
2026-10-04T01:30Z,90.0
2026-10-04T02:00Z,90.0
2026-10-04T02:30Z,85.0
2026-10-04T03:00Z,85.0
2026-10-04T03:30Z,95.0
2026-10-04T04:00Z,95.0
2026-10-04T04:30Z,85.0
2026-10-04T05:00Z,85.0
2026-10-04T05:30Z,75.0
2026-10-04T06:00Z,75.0
2026-10-04T06:30Z,75.0
2026-10-04T07:00Z,75.0
2026-10-04T07:30Z,85.0
2026-10-04T08:00Z,85.0
2026-10-04T08:30Z,80.0
2026-10-04T09:00Z,80.0
2026-10-04T09:30Z,75.0
2026-10-04T10:00Z,75.0
2026-10-04T11:00Z,60.0
2026-10-04T11:30Z,60.0
2026-10-04T12:00Z,55.0
2026-10-04T12:30Z,55.0
2026-10-04T13:00Z,60.0
2026-10-04T13:30Z,60.0
2026-10-04T14:00Z,65.0
2026-10-04T14:30Z,65.0
2026-10-04T15:00Z,80.0
2026-10-04T15:30Z,80.0
2026-10-04T16:00Z,85.0
2026-10-04T16:30Z,85.0
2026-10-04T17:00Z,85.0
2026-10-04T17:30Z,85.0
2026-10-04T18:00Z,85.0
2026-10-04T18:30Z,85.0
2026-10-04T19:00Z,90.0
2026-10-04T19:30Z,90.0
2026-10-04T20:30Z,90.0
2026-10-04T21:00Z,90.0
2026-10-04T21:30Z,90.0
2026-10-05T00:00Z,85.0
2026-10-05T03:00Z,85.0
2026-10-05T03:30Z,85.0
2026-10-05T04:00Z,90.0
2026-10-05T04:30Z,90.0
2026-10-05T05:00Z,80.0
2026-10-05T05:30Z,80.0
2026-10-05T06:00Z,85.0
2026-10-05T06:30Z,85.0
2026-10-05T07:00Z,85.0
2026-10-05T07:30Z,85.0
2026-10-05T08:00Z,85.0
2026-10-05T08:30Z,85.0
2026-10-05T09:30Z,85.0
2026-10-05T10:00Z,85.0
2026-10-05T10:30Z,85.0
2026-10-05T11:00Z,85.0
2026-10-05T11:30Z,85.0
2026-10-05T12:00Z,90.0
2026-10-05T12:30Z,90.0
2026-10-05T13:00Z,90.0
2026-10-05T13:30Z,90.0
2026-10-05T14:00Z,90.0
2026-10-05T14:30Z,90.0
2026-10-05T15:00Z,90.0
2026-10-05T15:30Z,90.0
2026-10-05T16:00Z,95.0
2026-10-05T16:30Z,95.0
2026-10-05T17:00Z,90.0
2026-10-05T17:30Z,90.0
2026-10-05T18:00Z,95.0
2026-10-05T18:30Z,95.0
2026-10-05T19:00Z,95.0
2026-10-05T19:30Z,95.0
2026-10-05T20:00Z,95.0
2026-10-05T20:30Z,95.0
2026-10-05T21:00Z,95.0
2026-10-05T21:30Z,95.0
2026-10-05T22:00Z,95.0
2026-10-05T22:30Z,95.0
2026-10-05T23:00Z,95.0
2026-10-05T23:30Z,80.0
2026-10-06T00:00Z,80.0
2026-10-06T00:30Z,90.0
2026-10-06T01:00Z,90.0
2026-10-06T01:30Z,90.0
2026-10-06T02:00Z,95.0
2026-10-06T02:30Z,95.0
2026-10-06T03:00Z,85.0
2026-10-06T03:30Z,85.0
2026-10-06T04:00Z,80.0
2026-10-06T04:30Z,80.0
2026-10-06T05:00Z,85.0
2026-10-06T05:30Z,85.0
2026-10-06T06:00Z,80.0
2026-10-06T06:30Z,80.0
2026-10-06T07:00Z,95.0
2026-10-06T07:30Z,95.0
2026-10-06T08:00Z,95.0
2026-10-06T08:30Z,95.0
2026-10-06T09:00Z,95.0
2026-10-06T09:30Z,95.0
2026-10-06T10:00Z,95.0
2026-10-06T10:30Z,95.0
2026-10-06T11:00Z,95.0
2026-10-06T11:30Z,95.0
2026-10-06T12:00Z,80.0
2026-10-06T12:30Z,80.0
2026-10-06T13:00Z,95.0
2026-10-06T13:30Z,95.0
2026-10-06T14:30Z,80.0
2026-10-06T15:00Z,80.0
2026-10-06T15:30Z,95.0
2026-10-06T16:00Z,95.0
2026-10-06T16:30Z,95.0
2026-10-06T17:00Z,95.0
2026-10-06T17:30Z,95.0
2026-10-06T18:00Z,95.0
2026-10-06T18:30Z,95.0
2026-10-06T19:00Z,95.0
2026-10-06T19:30Z,95.0
2026-10-06T20:00Z,95.0
2026-10-06T20:30Z,95.0
2026-10-06T21:00Z,95.0
2026-10-06T21:30Z,95.0
2026-10-06T22:00Z,95.0
2026-10-06T22:30Z,95.0
2026-10-06T23:00Z,95.0
2026-10-06T23:30Z,95.0
2026-10-07T00:00Z,95.0
2026-10-07T00:30Z,95.0
2026-10-07T01:00Z,80.0
2026-10-07T01:30Z,80.0
2026-10-07T02:00Z,95.0
2026-10-07T02:30Z,95.0
2026-10-07T03:30Z,95.0
2026-10-07T04:00Z,95.0
2026-10-07T04:30Z,95.0
2026-10-07T05:00Z,95.0
2026-10-07T05:30Z,95.0
2026-10-07T06:00Z,95.0
2026-10-07T06:30Z,80.0
2026-10-07T07:00Z,80.0
2026-10-07T07:30Z,85.0
2026-10-07T08:00Z,85.0
2026-10-07T08:30Z,80.0
2026-10-07T09:00Z,80.0
2026-10-07T09:30Z,90.0
2026-10-07T10:00Z,90.0
2026-10-07T10:30Z,85.0
2026-10-07T11:00Z,85.0
2026-10-07T11:30Z,90.0
2026-10-07T12:00Z,90.0
2026-10-07T12:30Z,95.0
2026-10-07T13:00Z,95.0
2026-10-07T13:30Z,80.0
2026-10-07T14:00Z,80.0
2026-10-07T14:30Z,80.0
2026-10-07T15:00Z,90.0
2026-10-07T15:30Z,90.0
2026-10-07T16:00Z,95.0
2026-10-07T16:30Z,95.0
2026-10-07T17:00Z,95.0
2026-10-07T17:30Z,95.0
2026-10-07T18:00Z,95.0
2026-10-07T18:30Z,95.0
2026-10-07T19:00Z,95.0
2026-10-07T19:30Z,95.0
2026-10-07T20:00Z,90.0
2026-10-07T20:30Z,90.0
2026-10-07T21:00Z,90.0
2026-10-07T21:30Z,90.0
2026-10-07T22:00Z,95.0
2026-10-07T22:30Z,95.0
2026-10-07T23:30Z,85.0
2026-10-08T00:00Z,85.0
2026-10-08T00:30Z,90.0
2026-10-08T01:00Z,90.0
2026-10-08T01:30Z,95.0
2026-10-08T02:00Z,95.0
2026-10-08T02:30Z,95.0
2026-10-08T03:00Z,95.0
2026-10-08T03:30Z,95.0
2026-10-08T04:00Z,95.0
2026-10-08T04:30Z,90.0
2026-10-08T05:00Z,90.0
2026-10-08T05:30Z,90.0
2026-10-08T06:00Z,90.0
2026-10-08T06:30Z,90.0
2026-10-08T07:00Z,90.0
2026-10-08T07:30Z,90.0
2026-10-08T08:00Z,90.0
2026-10-08T08:30Z,90.0
2026-10-08T09:00Z,90.0
2026-10-08T09:30Z,90.0
2026-10-08T10:00Z,90.0
2026-10-08T10:30Z,90.0
2026-10-08T11:00Z,90.0
2026-10-08T11:30Z,90.0
2026-10-08T12:00Z,90.0
2026-10-08T12:30Z,80.0
2026-10-08T13:00Z,80.0
2026-10-08T13:30Z,90.0
2026-10-08T14:00Z,90.0
2026-10-08T14:30Z,90.0
2026-10-08T15:00Z,90.0
2026-10-08T15:30Z,95.0
2026-10-08T16:00Z,95.0
2026-10-08T16:30Z,95.0
2026-10-08T17:00Z,95.0
2026-10-08T17:30Z,95.0
2026-10-08T18:00Z,95.0
2026-10-08T18:30Z,85.0
2026-10-08T19:00Z,85.0
2026-10-08T19:30Z,85.0
2026-10-08T20:00Z,95.0
2026-10-08T20:30Z,95.0
2026-10-08T21:00Z,95.0
2026-10-08T21:30Z,95.0
2026-10-08T22:30Z,95.0
2026-10-08T23:00Z,95.0
2026-10-08T23:30Z,95.0
2026-10-09T00:00Z,95.0
2026-10-09T00:30Z,80.0
2026-10-09T01:00Z,80.0
2026-10-09T01:30Z,80.0
2026-10-09T02:00Z,80.0
2026-10-09T02:30Z,95.0
2026-10-09T03:00Z,95.0
2026-10-09T03:30Z,95.0
2026-10-09T04:30Z,95.0
2026-10-09T05:00Z,95.0
2026-10-09T05:30Z,95.0
2026-10-09T06:30Z,95.0
2026-10-09T07:00Z,95.0
2026-10-09T07:30Z,80.0
2026-10-09T08:00Z,80.0
2026-10-09T08:30Z,85.0
2026-10-09T09:00Z,85.0
2026-10-09T09:30Z,95.0
2026-10-09T10:00Z,95.0
2026-10-09T10:30Z,95.0
2026-10-09T11:00Z,95.0
2026-10-09T11:30Z,95.0
2026-10-09T12:00Z,95.0
2026-10-09T12:30Z,80.0
2026-10-09T13:00Z,80.0
2026-10-09T13:30Z,95.0
2026-10-09T14:00Z,95.0
2026-10-09T14:30Z,95.0
2026-10-09T15:00Z,95.0
2026-10-09T15:30Z,95.0
2026-10-09T16:00Z,95.0
2026-10-09T16:30Z,90.0
2026-10-09T17:00Z,90.0
2026-10-09T17:30Z,90.0
2026-10-09T18:00Z,90.0
2026-10-09T18:30Z,85.0
2026-10-09T19:00Z,85.0
2026-10-09T19:30Z,85.0
2026-10-09T20:00Z,90.0
2026-10-09T20:30Z,90.0
2026-10-09T21:00Z,85.0
2026-10-09T21:30Z,85.0
2026-10-09T22:00Z,90.0
2026-10-09T22:30Z,90.0
2026-10-09T23:00Z,85.0
2026-10-09T23:30Z,85.0
2026-10-10T00:00Z,85.0
2026-10-10T00:30Z,85.0
2026-10-10T01:00Z,90.0
2026-10-10T01:30Z,90.0
2026-10-10T02:00Z,90.0
2026-10-10T02:30Z,90.0
2026-10-10T03:00Z,90.0
2026-10-10T03:30Z,90.0
2026-10-10T04:00Z,90.0
2026-10-10T04:30Z,90.0
2026-10-10T05:00Z,90.0
2026-10-10T05:30Z,90.0
2026-10-10T06:00Z,90.0
2026-10-10T06:30Z,90.0
2026-10-10T07:00Z,85.0
2026-10-10T07:30Z,85.0
2026-10-10T08:00Z,90.0
2026-10-10T08:30Z,90.0
2026-10-10T09:00Z,90.0
2026-10-10T09:30Z,90.0
2026-10-10T10:00Z,90.0
2026-10-10T10:30Z,85.0
2026-10-10T11:00Z,85.0
2026-10-10T11:30Z,90.0
2026-10-10T12:00Z,90.0
2026-10-10T12:30Z,90.0
2026-10-10T13:00Z,90.0
2026-10-11T00:00Z,75.0
2026-10-11T00:30Z,75.0
